DemandCost,GenerationRevenue,RegUpRev,RegDownRev,RevenueTotal
148513.65206566837,85879.92027214912,0.0,12044.884460916692,-50588.84733260257
149398.09530778916,146910.5352745841,0.0,12773.853750000002,10286.293716794957
135140.46277370292,74100.00394348224,0.0,12457.032000000003,-48583.42683022068
117130.72013754633,78833.66680564125,0.0,11243.757000000001,-27053.29633190509
140122.4921181508,120527.45651109323,0.0,12272.778000000002,-7322.257607057574
182569.88972006127,120947.09011529229,0.0,11801.903054544604,-49820.89655022437
139012.40237857195,119370.70708973096,0.0,11029.641,-8612.054288840984
