DemandCost,GenerationRevenue,RegUpRev,RegDownRev,RevenueTotal
[681128.2965222651],[459283.19978944905],[0.0],[9626.79976637668],[-212218.29696643935]
