DemandCost,GenerationRevenue,RegUpRev,RegDownRev,RevenueTotal
154058.90000648447,84137.26374454235,0.0,10809.782406372087,-59111.853855570036
132528.9190785532,86177.9511998544,0.0,11000.970750000002,-35349.9971286988
