DemandCost,GenerationRevenue,RegUpRev,RegDownRev,RevenueTotal
154058.90000648447,84137.26374454235,0.0,10809.782406372087,-59111.853855570036
132528.9190785532,86177.9511998544,0.0,11000.970750000002,-35349.9971286988
148319.7232499427,74185.05983964453,0.0,11085.236054544606,-63049.42735575358
211036.73875382595,175872.67366909795,0.0,10210.145054544606,-24953.92003018339
138065.8720052261,81889.87766064845,0.0,9447.299054544606,-46728.695290033036
125650.7574862582,88913.64227402344,0.0,10853.669054544604,-25883.446157690152
