DemandCost,GenerationRevenue,RegUpRev,RegDownRev,RevenueTotal
162529.5665360731,0.0,0.0,7986.804000000001,-154542.7625360731
130737.427769589,0.0,0.0,9179.76900000003,-121557.65876958898
154182.6600041028,0.0,0.0,6780.3,-147402.3600041028
147126.47107402823,0.0,0.0,7981.997567873832,-139144.4735061544
207822.84116442938,0.0,0.0,9684.885,-198137.95616442937
150172.29498716636,0.0,0.0,9818.277000000002,-140354.01798716636
165639.05069495243,0.0,0.0,7818.052357325005,-157820.99833762742
