DemandCost,GenerationRevenue,RegUpRev,RegDownRev,RevenueTotal
166612.0796841138,0.0,0.0,8264.613000000001,-158347.46668411378
