DemandCost,GenerationRevenue,RegUpRev,RegDownRev,RevenueTotal
[102.56863150554089],[6226553.843515616],[0.0],[20131.942189647656],[6246583.217073758]
[676194.9135138632],[399788.561181037],[0.0],[21516.322056650217],[-254890.030276176]
[906667.2635848967],[505931.8812607115],[0.0],[21877.40205665022],[-378857.98026753496]
[1094825.6843694677],[703195.4732727776],[0.0],[22243.68],[-369386.53109669]
[1666158.3001937736],[1037850.2412305347],[0.0],[21531.6],[-606776.4589632389]
