DemandCost,GenerationRevenue,RegUpRev,RegDownRev,RevenueTotal
182805.57650623372,168143.59247451078,0.0,13787.834406372087,-874.1496253508376
185175.4496114853,117762.61917265524,0.0,13972.47075,-53440.35968883007
328716.1900841341,283288.70028219966,0.0,15817.494,-29609.99580193445
323126.88124299736,312064.8229913906,0.0,16004.276054544605,4942.217802937841
377399.68379545957,343040.7273743482,0.0,15721.881000000005,-18637.075421111367
