DemandCost,GenerationRevenue,RegUpRev,RegDownRev,RevenueTotal
427549.8528732578,0.0,0.0,15437.085792,-412112.7670812578
419801.7641643818,0.0,0.0,14680.000000000013,-405121.7641643818
444262.2502170763,0.0,0.0,16820.171584000003,-427442.0786330763
461364.893562174,0.0,0.0,15349.080000000002,-446015.813562174
