DemandCost,GenerationRevenue,RegUpRev,RegDownRev,RevenueTotal
[199525.87606635422],[151694.9421132328],[0.0],[14440.24140637209],[-33390.69254674934]
