DemandCost,GenerationRevenue,RegUpRev,RegDownRev,RevenueTotal
[508967.11176043766],[295258.9609634842],[0.0],[20041.58218964766],[-193666.56860730582]
[492716.08720775286],[264723.88563015376],[0.0],[19394.722056650215],[-208597.4795209489]
[477739.00568902417],[0.0],[0.0],[18486.28205665022],[-459252.72363237396]
[496816.64895890956],[290053.61056043353],[0.0],[20391.80000000001],[-186371.23839847604]
