DemandCost,GenerationRevenue,RegUpRev,RegDownRev,RevenueTotal
[473757.09056049935],[663373.6639096013],[0.0],[14440.37546091669],[204056.9488100186]
[174214.88264240525],[47855.475900557256],[0.0],[12937.785000000002],[-113421.621741848]
[162605.91516719578],[127491.0299252205],[0.0],[13824.657000000003],[-21290.228241975274]
[169014.03946806042],[116044.67940992021],[0.0],[13493.894054544606],[-39475.466003595604]
