DemandCost,GenerationRevenue,RegUpRev,RegDownRev,RevenueTotal
673392.6506162324,261898.37923640618,0.0,20645.302189647668,-390848.96919017856
