DemandCost,GenerationRevenue,RegUpRev,RegDownRev,RevenueTotal
[493716.3838135107],[292416.13287237595],[0.0],[20400.782189647656],[-180899.4687514871]
