DemandCost,GenerationRevenue,RegUpRev,RegDownRev,RevenueTotal
160993.02056521652,0.0,0.0,11266.227000000003,-149726.7935652165
