DemandCost,GenerationRevenue,RegUpRev,RegDownRev,RevenueTotal
160993.02056521652,0.0,0.0,11266.227000000003,-149726.7935652165
132918.05438936723,0.0,0.0,12355.271999999964,-120562.78238936726
159218.11562912373,0.0,0.0,10422.144,-148795.97162912373
