DemandCost,GenerationRevenue,RegUpRev,RegDownRev,RevenueTotal
160993.02056521652,0.0,0.0,11266.227000000003,-149726.7935652165
132918.05438936723,0.0,0.0,12355.271999999964,-120562.78238936726
159218.11562912373,0.0,0.0,10422.144,-148795.97162912373
171789.81274178124,0.0,0.0,9774.998247813077,-162014.81449396815
178527.60198866657,0.0,0.0,12987.807,-165539.79498866657
