DemandCost,GenerationRevenue,RegUpRev,RegDownRev,RevenueTotal
446342.72969621775,0.0,0.0,20579.782189647656,-425762.9475065701
