DemandCost,GenerationRevenue,RegUpRev,RegDownRev,RevenueTotal
[1189.6814706293314],[5192341.679640588],[0.0],[1915611.8344801133],[7106763.832650072]
