DemandCost,GenerationRevenue,RegUpRev,RegDownRev,RevenueTotal
[247.7884956811765],[5454847.404150373],[2.240594608123932],[1641621.7521007056],[7096223.608350006]
[942.3841792535403],[5382046.704483699],[2.240594608123932],[1640187.4799647403],[7021294.040863794]
