DemandCost,GenerationRevenue,RegUpRev,RegDownRev,RevenueTotal
[247.7884956811765],[5454847.404150373],[2.240594608123932],[1641621.7521007056],[7096223.608350006]
