DemandCost,GenerationRevenue,RegUpRev,RegDownRev,RevenueTotal
[329.806645447628],[5369789.0827464275],[2.240594608123932],[1641343.9683405214],[7010805.48503611]
[0.0],[0.0],[0.0],[0.0],[0.0]
[0.0],[5405260.081842398],[0.0],[1628162.0136904868],[7033422.095532885]
[0.0],[0.0],[0.0],[0.0],[0.0]
[900.6454838628158],[5379067.906184445],[0.0],[1582516.3289994528],[6960683.589700036]
[0.0],[5315462.450178997],[0.0],[1644350.3669687258],[6959812.8171477225]
