DemandCost,GenerationRevenue,RegUpRev,RegDownRev,RevenueTotal
[446410.7985366652],[0.0],[0.0],[20589.982189647657],[-425820.81634701754]
[432728.3915371628],[0.0],[0.0],[20961.24205665022],[-411767.1494805126]
[399800.0459045399],[0.0],[0.0],[21121.92205665021],[-378678.12384788966]
