DemandCost,GenerationRevenue,RegUpRev,RegDownRev,RevenueTotal
467238.9455218342,0.0,0.0,19519.50218964766,-447719.44333218655
