DemandCost,GenerationRevenue,RegUpRev,RegDownRev,RevenueTotal
[0.0],[4914074.668111652],[0.0],[1799286.0301977047],[6713360.698309356]
[0.0],[0.0],[0.0],[0.0],[0.0]
[0.0],[5052436.8455727175],[0.0],[1828295.9838074995],[6880732.829380217]
[0.0],[4861201.546707314],[7.202436805427213],[1782697.2666953343],[6643906.015839455]
[0.0],[5106306.715368569],[7.202436805427213],[1877331.0182411806],[6983644.936046556]
