DemandCost,GenerationRevenue,RegUpRev,RegDownRev,RevenueTotal
585196.628235095,403591.1049588794,0.0,27505.14218964766,-154100.38108656788
