DemandCost,GenerationRevenue,RegUpRev,RegDownRev,RevenueTotal
490650.48630964395,0.0,0.0,15742.120000000008,-474908.36630964396
541321.0762778553,0.0,0.0,15087.68,-526233.3962778553
460589.58135284716,0.0,0.0,14637.960000000008,-445951.62135284714
492923.674885178,0.0,0.0,16167.594082412086,-476756.0808027659
505723.5784113736,0.0,0.0,16440.0,-489283.5784113736
509097.9744284536,0.0,0.0,16184.0,-492913.9744284536
514514.5383809362,0.0,0.0,16269.480000000001,-498245.0583809362
530761.7278325787,0.0,0.0,15793.171584000005,-514968.5562485787
