DemandCost,GenerationRevenue,RegUpRev,RegDownRev,RevenueTotal
152542.41942161144,0.0,0.0,8167.425000000001,-144374.99442161145
114422.01491924952,0.0,0.0,10041.711786083428,-104380.30313316609
