DemandCost,GenerationRevenue,RegUpRev,RegDownRev,RevenueTotal
151527.3742594439,0.0,0.0,8240.421,-143286.9532594439
140922.08642694587,0.0,0.0,10594.286999999964,-130327.7994269459
