DemandCost,GenerationRevenue,RegUpRev,RegDownRev,RevenueTotal
[598288.1008568404],[203213.12608591293],[0.0],[6814.647766376685],[-388260.3270045508]
