DemandCost,GenerationRevenue,RegUpRev,RegDownRev,RevenueTotal
529721.4383457092,0.0,0.0,15236.160000000007,-514485.2783457092
631311.801797346,0.0,0.0,16519.560000000012,-614792.2417973459
543324.0794085177,0.0,0.0,15760.120000000003,-527563.9594085177
808886.4578030261,0.0,0.0,17209.52,-791676.937803026
675704.7477606653,0.0,0.0,16462.28,-659242.4677606652
