DemandCost,GenerationRevenue,RegUpRev,RegDownRev,RevenueTotal
143010.22606133763,0.0,0.0,9294.020363387965,-133716.20569794966
120588.9112165794,0.0,0.0,12184.049999999963,-108404.86121657945
144564.93474689563,0.0,0.0,9562.77,-135002.16474689564
129065.82730845927,0.0,0.0,7627.188000000029,-121438.63930845924
