DemandCost,GenerationRevenue,RegUpRev,RegDownRev,RevenueTotal
[0.0],[6019567.546922114],[1021.6800000000001],[2196330.343991559],[8216919.570913672]
[0.0],[6594090.19781997],[0.0],[2352519.929955609],[8946610.12777558]
[0.0],[6761097.924473398],[0.0],[2351591.1299556093],[9112689.054429008]
[0.0],[6594002.300101379],[0.0],[2351591.5184470518],[8945593.81854843]
