DemandCost,GenerationRevenue,RegUpRev,RegDownRev,RevenueTotal
[0.0],[6019567.546922114],[1021.6800000000001],[2196330.343991559],[8216919.570913672]
