DemandCost,GenerationRevenue,RegUpRev,RegDownRev,RevenueTotal
510185.02014929167,0.0,0.0,20994.545764958402,-489190.47438433324
571257.4511352272,0.0,0.0,22008.40000000001,-549249.0511352272
575724.425112926,0.0,0.0,23382.276581804654,-552342.1485311214
