DemandCost,GenerationRevenue,RegUpRev,RegDownRev,RevenueTotal
0.0,0.0,0.0,0.0,0.0
0.0,0.0,0.0,0.0,0.0
0.0,0.0,0.0,0.0,0.0
0.0,0.0,0.0,0.0,0.0
0.0,0.0,0.0,0.0,0.0
984697.531646951,879566.4694299203,0.0,27557.960000000006,-77573.10221703071
448038.92151993845,0.0,0.0,25559.4,-422479.5215199384
