DemandCost,GenerationRevenue,RegUpRev,RegDownRev,RevenueTotal
156135.5752075759,0.0,0.0,7326.147000000002,-148809.4282075759
168372.39058951777,0.0,0.0,10295.117999999962,-158077.27258951782
187517.92489120545,0.0,0.0,8067.738000000001,-179450.18689120543
197094.60697717604,0.0,0.0,7964.835861581936,-189129.7711155941
222248.4779076229,0.0,0.0,9866.640000000003,-212381.8379076229
176836.6692748888,0.0,0.0,9329.754,-167506.9152748888
198139.37608329635,0.0,0.0,9150.75392519881,-188988.62215809754
253134.71208225188,0.0,0.0,8536.752,-244597.96008225187
