DemandCost,GenerationRevenue,RegUpRev,RegDownRev,RevenueTotal
[169423.21426098005],[83807.86293966226],[0.0],[10804.561460916688],[-74810.7898604011]
[175085.1029968808],[84265.50392965513],[0.0],[10401.447000000002],[-80418.15206722567]
[154489.88108454115],[73231.69221304737],[0.0],[10166.947039030612],[-71091.24183246317]
[205631.93209210312],[82952.0639630007],[0.0],[11240.909054544602],[-111438.95907455782]
[165840.87134716145],[80577.75372217003],[0.0],[11320.982054544604],[-73942.13557044682]
