DemandCost,GenerationRevenue,RegUpRev,RegDownRev,RevenueTotal
[169423.21426098005],[83807.86293966226],[0.0],[10804.561460916688],[-74810.7898604011]
