DemandCost,GenerationRevenue,RegUpRev,RegDownRev,RevenueTotal
427116.8808416119,0.0,0.0,15889.945764958415,-411226.9350766535
446354.0867690115,0.0,0.0,15269.965792000006,-431084.1209770115
