DemandCost,GenerationRevenue,RegUpRev,RegDownRev,RevenueTotal
166699.88735500706,0.0,0.0,8225.805000000002,-158474.08235500706
131586.56161538692,0.0,0.0,9677.474999999991,-121909.08661538693
153295.62930131692,0.0,0.0,7466.538000000029,-145829.0913013169
144961.76634885423,0.0,0.0,7252.6222478130785,-137709.14410104117
136931.11443018494,0.0,0.0,9428.519567873831,-127502.59486231112
127974.8684698115,0.0,0.0,8144.571000000002,-119830.2974698115
140388.07457737922,0.0,0.0,8375.04900000003,-132013.0255773792
