DemandCost,GenerationRevenue,RegUpRev,RegDownRev,RevenueTotal
189366.01281950859,157213.62712434208,0.0,14440.24140637209,-17712.14428879443
138554.7777151303,141208.57030248095,0.0,14437.64175,17091.434337350656
175845.87817397667,142130.06024348695,0.0,13824.657,-19891.160930489714
144623.65998315782,130051.35743722932,0.0,13493.760000000002,-1078.5425459285034
307900.8707295093,333001.6809167015,0.0,14816.151000000003,39916.96118719224
220559.59639370596,147471.18863899575,0.0,14992.244054544604,-58096.163700165605
