DemandCost,GenerationRevenue,RegUpRev,RegDownRev,RevenueTotal
189366.01281950859,157213.62712434208,0.0,14440.24140637209,-17712.14428879443
138554.7777151303,141208.57030248095,0.0,14437.64175,17091.434337350656
175845.87817397667,142130.06024348695,0.0,13824.657,-19891.160930489714
