DemandCost,GenerationRevenue,RegUpRev,RegDownRev,RevenueTotal
[0.0],[4982639.572479269],[0.0],[1799286.0301977047],[6781925.602676973]
[0.0],[0.0],[0.0],[0.0],[0.0]
[0.0],[5370253.200721955],[0.0],[1828295.9838074993],[7198549.184529454]
[0.0],[5252548.978675231],[7.202436805427213],[1785101.1750585504],[7037657.356170587]
[0.0],[4964340.858504135],[7.202436805427213],[1875123.7284111397],[6839471.789352081]
[0.0],[0.0],[0.0],[0.0],[0.0]
[0.0],[5426933.426964071],[10.32890392064581],[1933862.008753131],[7360805.764621123]
