DemandCost,GenerationRevenue,RegUpRev,RegDownRev,RevenueTotal
[438715.00147865375],[0.0],[0.0],[18953.582189647655],[-419761.4192890061]
[387753.2811689582],[0.0],[0.0],[19405.920000000006],[-368347.3611689582]
