DemandCost,GenerationRevenue,RegUpRev,RegDownRev,RevenueTotal
[155168.0370630603],[97221.2963581549],[0.0],[10710.452406372087],[-47236.28829853331]
[148294.00696973575],[76125.84564001192],[0.0],[10570.000039030614],[-61598.16129069323]
[140108.50202261232],[94278.73887862256],[0.0],[10562.650039030617],[-35267.113104959135]
[133432.8977726906],[64654.262902898845],[0.0],[10605.021],[-58173.61386979176]
[167950.90789421066],[126508.8230120792],[0.0],[10516.170000000002],[-30925.914882131445]
