DemandCost,GenerationRevenue,RegUpRev,RegDownRev,RevenueTotal
[155168.0370630603],[97221.2963581549],[0.0],[10710.452406372087],[-47236.28829853331]
[148294.00696973575],[76125.84564001192],[0.0],[10570.000039030614],[-61598.16129069323]
