DemandCost,GenerationRevenue,RegUpRev,RegDownRev,RevenueTotal
[1039402.3593015168],[802940.1442275798],[0.0],[7225.855766376681],[-229236.35930756025]
