DemandCost,GenerationRevenue,RegUpRev,RegDownRev,RevenueTotal
458840.0501364595,0.0,0.0,19321.34576495841,-439518.7043715011
441248.87701669836,0.0,0.0,18814.560000000005,-422434.31701669836
