DemandCost,GenerationRevenue,RegUpRev,RegDownRev,RevenueTotal
458840.0501364595,0.0,0.0,19321.34576495841,-439518.7043715011
441248.87701669836,0.0,0.0,18814.560000000005,-422434.31701669836
456346.8703950007,0.0,0.0,18214.800000000003,-438132.0703950007
328684.56219378195,0.0,0.0,16227.2,-312457.36219378194
476728.846996636,0.0,0.0,18096.960000000003,-458631.886996636
426309.56351400167,0.0,0.0,17239.36,-409070.2035140017
