DemandCost,GenerationRevenue,RegUpRev,RegDownRev,RevenueTotal
548257.5733023987,0.0,0.0,14683.385764958404,-533574.1875374402
665541.7068977223,0.0,0.0,16229.840000000004,-649311.8668977224
