DemandCost,GenerationRevenue,RegUpRev,RegDownRev,RevenueTotal
[202977.73907429422],[103777.86438943438],[0.0],[10569.44546091669],[-88630.42922394315]
