DemandCost,GenerationRevenue,RegUpRev,RegDownRev,RevenueTotal
[177168.6339786891],[112509.75828700513],[0.0],[10162.92746091669],[-54495.94823076727]
