DemandCost,GenerationRevenue,RegUpRev,RegDownRev,RevenueTotal
444903.11960910424,160537.05760782212,0.0,20592.782189647656,-263773.27981163445
513022.7564370452,294941.7610355,0.0,21358.162056650213,-196722.83334489499
