DemandCost,GenerationRevenue,RegUpRev,RegDownRev,RevenueTotal
[102.58544737051034],[6320413.920660187],[0.0],[7046.179766376679],[6327357.514979193]
[799653.7566034833],[454926.2561219851],[0.0],[7530.712719827581],[-337196.78776167065]
[914314.1872155486],[450276.80097588024],[0.0],[7657.090719827576],[-456380.2955198408]
[1730221.4740743227],[1044021.9433581729],[0.0],[7785.288000000007],[-678414.2427161499]
[1703451.4297822407],[974423.699361859],[0.0],[7536.06],[-721491.6704203816]
[0.0],[0.0],[0.0],[0.0],[0.0]
[971669.3523386103],[547401.3307112616],[0.0],[7187.6427198275815],[-417080.37890752114]
