DemandCost,GenerationRevenue,RegUpRev,RegDownRev,RevenueTotal
163026.12497980963,69582.47584733904,0.0,10811.38646091669,-82632.2626715539
