DemandCost,GenerationRevenue,RegUpRev,RegDownRev,RevenueTotal
[885498.132653066],[938378.4459102638],[0.0],[9581.25776637668],[62461.571023574565]
