DemandCost,GenerationRevenue,RegUpRev,RegDownRev,RevenueTotal
158185.7146581938,75411.84811407728,0.0,10522.006460916688,-72251.86008319985
133384.46934847458,71331.80104842421,0.0,10178.547750000003,-51874.12055005037
145696.93546083817,72565.12065533569,0.0,9701.391,-63430.423805502476
